{"initial_vocab_size": 15112, "_timestamp": 1701917458.6869323, "_runtime": 4.4832892417907715, "_step": 1, "filtered_vocab_size": 4619, "_wandb": {"runtime": 4}}