{"Tweet Count by Category": {"_type": "image-file", "sha256": "db0d80c3a7057278de3620fd5e003e5ac0a2dd9ad24b4d933bbe0a605ba908a8", "size": 13172, "path": "media/images/Tweet Count by Category_0_db0d80c3a7057278de36.png", "format": "png", "width": 640, "height": 480}, "_timestamp": 1701917417.9497187, "_runtime": 4.686456680297852, "_step": 1, "Normalized Tweet Count by Category": {"0": 0.5703402075397347, "1": 0.4296597924602653}, "_wandb": {"runtime": 3}}