{"GFLOPs": 1.06545e-05, "epoch": 9, "_timestamp": 1701913133.7907162, "loss": 0.6860331892967224, "accuracy": 0.5678431391716003, "val_loss": 0.6833040714263916, "val_accuracy": 0.575407862663269, "_runtime": 100.68433427810669, "_step": 29, "best_val_loss": 0.46010705828666687, "best_epoch": 4, "_wandb": {"runtime": 317}}