{"train_data_shape": [5100, 2], "test_data_shape": [2513, 2], "_timestamp": 1701917446.2773259, "_runtime": 3.5865979194641113, "_step": 0, "_wandb": {"runtime": 3}}