{"train_data_shape": [5100, 2], "test_data_shape": [2513, 2], "_timestamp": 1701909289.2846527, "_runtime": 5.994727611541748, "_step": 0, "_wandb": {"runtime": 4}}