{"initial_vocab_size": 15112, "_timestamp": 1701910364.8769822, "_runtime": 3.830515146255493, "_step": 1, "filtered_vocab_size": 4619, "_wandb": {"runtime": 3}}